com.valvesoftware.android.steam.community,2.3.9
com.valvesoftware.android.steam.community,3.7.2
com.valvesoftware.android.steam.community,3.7.3
com.valvesoftware.android.steam.community,3.7.4
com.valvesoftware.android.steam.community,3.7.5
com.valvesoftware.android.steam.community,3.7.7
com.valvesoftware.android.steam.community,3.8.0
com.valvesoftware.android.steam.community,3.9.0
com.valvesoftware.steamlink,1.2.0
com.valvesoftware.steamlink,1.3.3
com.valvesoftware.steamlink,1.3.8
com.valvesoftware.steamlink,1.3.9
com.valvesoftware.android.steam.friendsui,1.0